{"BS":{"01X":776.5957446809,"02X":547.7916941332,"02Y":315.1702786378,"03X":1181.5286624204,"03Y":522.3880597015,"04X":227.6738439816,"05X":250.7809013833,"05Y":74.4047619048,"06X":347.9374839867,"07X":458.1757040773,"08X":266.4473684211,"09X":599.5575221239,"10X":213.6836886465,"10Y":440.7582938389,"11X":187.134502924,"12X":224.0921169176,"12Y":144.7902571042,"13X":60.38647343,"13Y":22.7272727273,"13Z":52.6315789474,"14X":76.2812872467,"14Y":48.0132450331,"15X":92.6430517711,"16X":70.5128205128,"16Y":58.2010582011,"17X":91.6818457802,"17Y":92.7835051546,"18X":265.3876898481,"18Y":47.7651183173,"19X":2498.8505747126,"20X":2605.1502145923,"21X":134.2042755344,"21Y":97.0724191063,"22X":106.0842433697,"22Y":40.7608695652,"23X":1002.1645021645,"24X":271.9522591645,"24Y":198.2942430704,"25X":212.7016129032,"25Y":14.3288084465,"26X":2507.7720207254,"26Y":151.9699812383,"27X":300.6622516556,"27Y":298.6828052688,"28X":22.3880597015,"29X":1130.0578034682,"30X":362.7630375114,"30Y":150.2032520325,"31X":42.2380691168,"31Y":219.305019305,"31Z":78.183172003,"32X":1623.1155778894,"32Y":226.2411347518,"33X":448.0769230769,"34X":686.7816091954,"35X":313.3654425045,"35Y":8.3440308087},"WS":{"01X":104.9723756906,"02X":211.2676056338,"02Y":50.2923976608,"03X":244.9494949495,"03Y":144.0,"04X":94.1752857921,"05X":78.2997762864,"05Y":27.4442538593,"06X":36.4776289541,"07X":32.7485380117,"08X":70.2049985959,"09X":40.3954320777,"10X":23.3728874506,"10Y":60.0961538462,"11X":39.8724082935,"12X":39.8344542162,"12Y":19.9825152991,"13X":18.4842883549,"13Y":4.4444444444,"13Z":23.5173824131,"14X":34.0271493213,"14Y":14.2222222222,"15X":18.5482024273,"16X":17.8502134265,"16Y":16.0462130937,"17X":11.6040955631,"17Y":14.7492625369,"18X":28.0811232449,"18Y":5.4884742042,"19X":222.2222222222,"20X":101.2956419317,"21X":5.0709939148,"21Y":8.7139423077,"22X":6.6273932253,"22Y":5.0539083558,"23X":54.8484848485,"24X":20.0573065903,"24Y":29.0088638195,"25X":28.8763339611,"25Y":3.0143180106,"26X":96.9498910675,"26Y":9.0293453725,"27X":130.7550644567,"27Y":42.471042471,"28X":7.8175895765,"29X":36.0873694207,"30X":28.9136720363,"30Y":7.6701821668,"31X":15.5763239875,"31Y":30.8724832215,"31Z":18.691588785,"32X":30.8441558442,"32Y":5.0314465409,"33X":36.4444444444,"34X":43.7659033079,"35X":45.1882845188,"35Y":4.4424700133},"HS":{"01X":157.5562700965,"02X":242.8940568475,"02Y":121.0898082745,"03X":279.3650793651,"03Y":192.3076923077,"04X":150.7150715072,"05X":111.2781954887,"05Y":50.9708737864,"06X":41.8006430868,"07X":68.6106346484,"08X":88.0,"09X":83.0601092896,"10X":36.6197183099,"10Y":81.6802800467,"11X":56.6727605119,"12X":40.1301518438,"12Y":31.9488817891,"13X":21.1800302572,"13Y":2.1978021978,"13Z":101.5625,"14X":42.3905489924,"14Y":46.8085106383,"15X":30.3724928367,"16X":61.8556701031,"16Y":21.9092331768,"17X":21.5189873418,"17Y":30.5220883534,"18X":53.5913658355,"18Y":25.2156602522,"19X":1013.358778626,"20X":335.3115727003,"21X":20.1179851762,"21Y":32.9460724814,"22X":64.3382352941,"22Y":15.1162790698,"23X":200.7440957619,"24X":94.3236373906,"24Y":60.2040816327,"25X":77.7453838678,"25Y":11.315417256,"26X":345.2631578947,"26Y":38.2553384825,"27X":139.9241945673,"27Y":245.4411039921,"28X":2.6945633222,"29X":386.8312757202,"30X":439.7590361446,"30Y":18.228845917,"31X":73.6329182458,"31Y":70.1392470346,"31Z":30.2387267905,"32X":217.7201512696,"32Y":64.3997939207,"33X":151.8864882296,"34X":180.5078929307,"35X":146.0129310345,"35Y":19.943019943},"AS":{"01X":29.1525423729,"02X":59.4451783355,"02Y":94.1176470588,"03X":51.1732401398,"03Y":47.4967907574,"04X":50.5503465145,"05X":51.724137931,"05Y":16.4319248826,"06X":78.7037037037,"07X":35.3159851301,"08X":60.0247524752,"09X":86.7888138862,"10X":33.950617284,"10Y":225.0,"11X":82.2942643392,"12X":41.5300546448,"12Y":26.9587194608,"13X":18.2767624021,"13Y":2.0876826722,"13Z":14.192139738,"14X":48.5216072782,"14Y":11.6618075802,"15X":29.5230885693,"16X":24.2825607064,"16Y":14.6726862302,"17X":11.6982654296,"17Y":8.5440874915,"18X":26.5006385696,"18Y":9.6867936713,"19X":189.5424836601,"20X":281.3299232737,"21X":19.9395770393,"21Y":13.5301353014,"22X":8.6655112652,"22Y":8.1348053457,"23X":104.1514930808,"24X":39.2809587217,"24Y":13.4821013482,"25X":20.0668896321,"25Y":1.3670539986,"26X":119.1135734072,"26Y":25.641025641,"27X":139.6825396825,"27Y":46.9168900804,"28X":5.2083333333,"29X":34.8837209302,"30X":68.8935281837,"30Y":4.6296296296,"31X":29.6096904441,"31Y":80.0,"31Z":10.8695652174,"32X":19.9004975124,"32Y":12.7490039841,"33X":275.0,"34X":122.5490196078,"35X":168.0,"35Y":8.9086859688},"OS":{"01X":107.9812206573,"02X":238.9937106918,"02Y":128.0898876404,"03X":210.8262108262,"03Y":179.1044776119,"04X":238.0038387716,"05X":127.2727272727,"05Y":27.027027027,"06X":27.3270708796,"07X":31.746031746,"08X":169.1176470588,"09X":104.4487427466,"10X":54.7945205479,"10Y":81.9047619048,"11X":192.3076923077,"12X":96.7741935484,"12Y":83.6012861736,"13X":34.4827586207,"13Y":49.5867768595,"13Z":78.9473684211,"14X":76.4790764791,"14Y":23.0769230769,"15X":28.4605433376,"16X":125.0,"16Y":32.4675324675,"17X":6.7720090293,"17Y":16.7464114833,"18X":8.5106382979,"18Y":6.015037594,"19X":193.7172774869,"20X":65.3514180025,"21X":3.4236804565,"21Y":5.3865652725,"22X":18.018018018,"22Y":9.4696969697,"23X":24.2510699001,"24X":13.8339920949,"24Y":4.9382716049,"25X":37.3831775701,"25Y":11.1940298507,"26X":45.3488372093,"26Y":2.8427445406,"27X":14.531936465,"27Y":27.6381909548,"28X":0.7263043215,"29X":206.106870229,"30X":56.7164179104,"30Y":2.8653295129,"31X":13.6518771331,"31Y":6.993006993,"31Z":0.7027406887,"32X":23.0473751601,"32Y":9.7751710655,"33X":8.7476979742,"34X":15.8301158301,"35X":31.0502283105,"35Y":13.4529147982},"BA":{"01X":69.1489361702,"02X":70.5339485827,"02Y":38.3900928793,"03X":101.9108280255,"03Y":50.7462686567,"04X":16.237204377,"05X":36.5908076751,"05Y":13.0952380952,"06X":61.2349474763,"07X":103.4047919294,"08X":32.8947368421,"09X":35.3982300885,"10X":23.3019335647,"10Y":24.8815165877,"11X":8.7719298246,"12X":27.4579273694,"12Y":12.1786197564,"13X":9.6618357488,"13Y":4.5454545455,"13Z":0.0,"14X":6.2574493445,"14Y":4.9668874172,"15X":4.9046321526,"16X":8.547008547,"16Y":5.291005291,"17X":15.1791135398,"17Y":6.5604498594,"18X":67.1462829736,"18Y":7.0113935145,"19X":685.0574712644,"20X":557.9399141631,"21X":19.7941409343,"21Y":12.9429892142,"22X":18.72074883,"22Y":10.8695652174,"23X":73.5930735931,"24X":23.8704177323,"24Y":14.9253731343,"25X":16.1290322581,"25Y":0.754147813,"26X":409.3264248705,"26Y":16.2033088862,"27X":28.6975717439,"27Y":27.0558917764,"28X":3.011259492,"29X":105.4913294798,"30X":47.3467520586,"30Y":19.512195122,"31X":6.0340098738,"31Y":25.4826254826,"31Z":11.91362621,"32X":203.5175879397,"32Y":21.9858156028,"33X":66.0256410256,"34X":90.7224958949,"35X":30.1023479831,"35Y":0.9627727856},"WA":{"01X":2.2099447514,"02X":14.0845070423,"02Y":6.432748538,"03X":5.0505050505,"03Y":0.0,"04X":0.2721829069,"05X":6.711409396,"05Y":1.7152658662,"06X":3.4197777144,"07X":3.5087719298,"08X":2.8081999438,"09X":0.1704448611,"10X":2.517080187,"10Y":1.4423076923,"11X":0.6379585327,"12X":1.2933264356,"12Y":0.1248907206,"13X":0.2053809817,"13Y":0.0,"13Z":0.0,"14X":0.7239819005,"14Y":0.0,"15X":0.9159606137,"16X":1.1641443539,"16Y":0.0,"17X":0.0,"17Y":0.4214075011,"18X":5.4602184087,"18Y":0.0,"19X":38.2317801673,"20X":25.9128386337,"21X":0.6085192698,"21Y":1.8028846154,"22X":0.3681885125,"22Y":0.0,"23X":6.6666666667,"24X":1.2279983627,"24Y":4.0290088638,"25X":2.1971123666,"25Y":0.0,"26X":14.1612200436,"26Y":0.5016302985,"27X":12.8913443831,"27Y":3.861003861,"28X":0.0,"29X":1.8993352327,"30X":2.478314746,"30Y":0.9587727709,"31X":0.5192107996,"31Y":5.3691275168,"31Z":0.0,"32X":2.7056277056,"32Y":0.5031446541,"33X":8.0,"34X":4.0712468193,"35X":4.1841004184,"35Y":0.0},"HA":{"01X":9.6463022508,"02X":10.3359173127,"02Y":6.0544904137,"03X":15.873015873,"03Y":4.2735042735,"04X":5.500550055,"05X":6.015037594,"05Y":9.7087378641,"06X":2.2967386311,"07X":14.5797598628,